{
  "format_version": "1.12",
  "minecraft:recipe_shaped": {
    "description": {
      "identifier": "oak_statue_recipe"
    },
    "tags": [
      "crafting_table"
    ],
    "pattern": [
      " A ",
      "BAB",
      " C "
    ],
    "key": {
      "A": {
        "item": "minecraft:planks",
        "data": 0
      },
      "B": {
        "item": "minecraft:stick",
        "data": 0
      },
      "C": {
        "item": "minecraft:fence",
        "data": 0
      }
    },
    "result": {
      "item": "reborn:oak_statue",
      "count": 1
    }
  }
}