{
  "format_version": "1.12",
  "minecraft:recipe_shaped": {
    "description": {
      "identifier": "pizzaria_trim_recipe"
    },
    "tags": [
      "crafting_table"
    ],
    "pattern": [
      "AAA",
      "BCB",
      "AAA"
    ],
    "key": {
      "A": {
        "item": "minecraft:stained_hardened_clay",
        "data": 9
      },
      "B": {
        "item": "minecraft:stone",
        "data": 4
      },
      "C": {
        "item": "minecraft:polished_blackstone",
        "data": 0
      }
    },
    "result": {
      "item": "reborn:pizzaria_trim",
      "count": 16
    }
  }
}