{
  "format_version": "1.12",
  "minecraft:recipe_shaped": {
    "description": {
      "identifier": "crying_obsidian_recipe"
    },
    "tags": [
      "crafting_table"
    ],
    "pattern": [
      "AB ",
      "BA "
    ],
    "key": {
      "A": {
        "item": "minecraft:obsidian",
        "data": 0
      },
      "B": {
        "item": "reborn:shadow_essence",
        "data": 0
      }
    },
    "result": {
      "item": "minecraft:crying_obsidian",
      "count": 4,
      "data": 0
    }
  }
}