{
  "format_version": "1.12",
  "minecraft:recipe_shaped": {
    "description": {
      "identifier": "corrupted_pearl_recipe"
    },
    "tags": [
      "crafting_table"
    ],
    "pattern": [
      "ABA",
      "BCB",
      "ABA"
    ],
    "key": {
      "A": {
        "item": "minecraft:crying_obsidian",
        "data": 0
      },
      "B": {
        "item": "reborn:shadow_essence",
        "data": 0
      },
      "C": {
        "item": "minecraft:ender_pearl",
        "data": 0
      }
    },
    "result": {
      "item": "reborn:corrupted_pearl",
      "count": 1
    }
  }
}