{
  "format_version": "1.10",
  "minecraft:entity": {
    "description": {
      "identifier": "minecraft:player",
      "is_spawnable": false,
      "is_summonable": false,
      "is_experimental": false,
      "scripts": {
        "animate": [
          "walk",
          "reborn:grenade",
          "reborn:eldershadow_bullet",
          "reborn:corrupted_pearl",
          "reborn:space_helmet"
        ]
      },
      "animations": {
        "walk": "controller.animation.walk",
        "reborn:grenade": "controller.animation.reborn_grenade",
        "reborn:eldershadow_bullet": "controller.animation.reborn_eldershadow_bullet",
        "reborn:corrupted_pearl": "controller.animation.reborn_corrupted_pearl",
        "reborn:space_helmet": "controller.animation.reborn_space_helmet"
      }
    },
    "component_groups": {
      "pamobile:respawn": {
        "minecraft:mark_variant": {
          "value": 99999
        },
        "minecraft:health": {
          "value": 20,
          "max": 20
        },
        "minecraft:movement": {
          "value": 0.1
        },
        "minecraft:attack": {
          "damage": 1
        },
        "minecraft:spell_effects": {
          "remove_effects": [
            "water_breathing"
          ]
        }
      },
      "ammo:1": {
        "minecraft:mark_variant": {
          "value": 1
        }
      },
      "reborn:anti_life_stick": {
        "minecraft:health": {
          "value": 22,
          "max": 22
        },
        "minecraft:movement": {
          "value": 0.1
        },
        "minecraft:spell_effects": {
          "add_effects": []
        }
      },
      "reborn:grenade_fire": {
        "minecraft:spawn_entity": [
          {
            "min_wait_time": 0,
            "max_wait_time": 0,
            "single_use": true,
            "spawn_entity": "reborn:grenade",
            "num_to_spawn": 1
          }
        ]
      },
      "reborn:eldershadow_bullet_fire": {
        "minecraft:spawn_entity": [
          {
            "min_wait_time": 0,
            "max_wait_time": 0,
            "single_use": true,
            "spawn_entity": "reborn:eldershadow_bullet",
            "num_to_spawn": 1
          }
        ]
      },
      "reborn:corrupted_pearl_fire": {
        "minecraft:spawn_entity": [
          {
            "min_wait_time": 0,
            "max_wait_time": 0,
            "single_use": true,
            "spawn_entity": "reborn:corrupted_pearl",
            "num_to_spawn": 1
          }
        ]
      },
      "reborn:space_helmet_event_play": {
        "minecraft:health": {
          "value": 20,
          "max": 20
        },
        "minecraft:movement": {
          "value": 0.1
        },
        "minecraft:spell_effects": {
          "add_effects": [
            {
              "effect": "water_breathing",
              "duration": 60000,
              "amplifier": 0,
              "display_on_screen_animation": false
            }
          ]
        }
      },
      "reborn:torch_headband_event_play": {
        "minecraft:health": {
          "value": 20,
          "max": 20
        },
        "minecraft:movement": {
          "value": 0.1
        },
        "minecraft:spell_effects": {
          "add_effects": [
            {
              "effect": "night_vision",
              "duration": 60000,
              "amplifier": 0,
              "display_on_screen_animation": false
            }
          ]
        }
      }
    },
    },
    "components": {
      "minecraft:type_family": {
        "family": [
          "player"
        ]
      },
      "minecraft:loot": {
        "table": "loot_tables/empty.json"
      },
      "minecraft:collision_box": {
        "width": 0.6,
        "height": 1.8
      },
      "minecraft:can_climb": {},
      "minecraft:movement": {
        "value": 0.1
      },
      "minecraft:environment_sensor": [
        {
          "on_environment": {
            "filters": {
              "any_of": [
                {
                  "test": "is_family",
                  "subject": "self",
                  "value": "player"
                }
              ]
            },
            "event": "pamobile:refresh_player"
          }
        },
        {
          "on_environment": {
            "filters": {
              "all_of": [
                {
                  "test": "has_equipment",
                  "subject": "self",
                  "domain": "hand",
                  "value": "reborn:anti_life_stick"
                }
              ]
            },
            "event": "reborn:anti_life_stick_event"
          }
        },
        {
          "on_environment": {
            "filters": {
              "all_of": [
                {
                  "test": "has_equipment",
                  "subject": "self",
                  "domain": "hand",
                  "value": "reborn:grenade"
                },
                {
                  "test": "is_family",
                  "subject": "self",
                  "value": "player"
                }
              ]
            },
            "event": "ammo:1"
          }
        },
        {
          "on_environment": {
            "filters": {
              "all_of": [
                {
                  "test": "has_equipment",
                  "subject": "self",
                  "domain": "hand",
                  "value": "reborn:eldershadow_bullet"
                },
                {
                  "test": "is_family",
                  "subject": "self",
                  "value": "player"
                }
              ]
            },
            "event": "ammo:1"
          }
        },
        {
          "on_environment": {
            "filters": {
              "all_of": [
                {
                  "test": "has_equipment",
                  "subject": "self",
                  "domain": "hand",
                  "value": "reborn:corrupted_pearl"
                },
                {
                  "test": "is_family",
                  "subject": "self",
                  "value": "player"
                }
              ]
            },
            "event": "ammo:1"
          }
        },
        {
          "on_environment": {
            "filters": {
              "all_of": [
                {
                  "test": "has_equipment",
                  "subject": "self",
                  "domain": "hand",
                  "value": "reborn:space_helmet"
                }
              ]
            },
            "event": "reborn:space_helmet_event_hold"
          }
        },
        {
          "on_environment": {
            "filters": {
              "all_of": [
                {
                  "test": "has_equipment",
                  "subject": "self",
                  "domain": "head",
                  "value": "reborn:space_helmet"
                }
              ]
            },
            "event": "reborn:space_helmet_event_play"
          }
        }
      ],
      "minecraft:player.saturation": {
        "value": 20
      },
      "minecraft:player.exhaustion": {
        "value": 0,
        "max": 4
      },
      "minecraft:player.level": {
        "value": 0,
        "max": 24791
      },
      "minecraft:player.experience": {
        "value": 0,
        "max": 1
      },
      "minecraft:breathable": {
        "totalSupply": 15,
        "suffocateTime": -1,
        "inhaleTime": 3.75,
        "generatesBubbles": false
      },
      "minecraft:nameable": {
        "alwaysShow": true,
        "allowNameTagRenaming": false
      },
      "minecraft:physics": {},
      "minecraft:insomnia": {
        "days_until_insomnia": 3
      },
      "minecraft:rideable": {
        "seat_count": 2,
        "family_types": [
          "parrot_tame"
        ],
        "pull_in_entities": true,
        "seats": [
          {
            "position": [
              0.4,
              -0.15,
              0.04
            ],
            "min_rider_count": 0,
            "max_rider_count": 0,
            "lock_rider_rotation": 0
          },
          {
            "position": [
              -0.4,
              -0.15,
              0.04
            ],
            "min_rider_count": 1,
            "max_rider_count": 2,
            "lock_rider_rotation": 0
          }
        ]
      },
      "minecraft:scaffolding_climber": {}
    },
    "events": {
      "pamobile:refresh_player": {
        "add": {
          "component_groups": [
            "pamobile:respawn"
          ]
        },
        "remove": {
          "component_groups": [
            "reborn:anti_life_stick",
            "reborn:space_helmet_event_hold",
            "reborn:space_helmet_event_play"
          ]
        }
      },
      "minecraft:entity_spawned": {
        "add": {
          "component_groups": [
            "pamobile:respawn"
          ]
        },
        "remove": {}
      },
      "ammo:1": {
        "remove": {
          "component_groups": [
            "ammo:1"
          ]
        },
        "add": {
          "component_groups": [
            "ammo:1"
          ]
        }
      },
      "ammo:2": {
        "remove": {
          "component_groups": [
            "ammo:2"
          ]
        },
        "add": {
          "component_groups": [
            "ammo:2"
          ]
        }
      },
      "reborn:anti_life_stick_event": {
        "add": {
          "component_groups": [
            "reborn:anti_life_stick"
          ]
        }
      },
      "reborn:grenade_fire": {
        "add": {
          "component_groups": [
            "reborn:grenade_fire"
          ]
        }
      },
      "reborn:eldershadow_bullet_fire": {
        "add": {
          "component_groups": [
            "reborn:eldershadow_bullet_fire"
          ]
        }
      },
      "reborn:corrupted_pearl_fire": {
        "add": {
          "component_groups": [
            "reborn:corrupted_pearl_fire"
          ]
        }
      },
      "reborn:space_helmet_event_hold": {
        "add": {
          "component_groups": [
            "reborn:space_helmet_event_hold"
          ]
        }
      },
      "reborn:space_helmet_event_play": {
        "add": {
          "component_groups": [
            "reborn:space_helmet_event_play"
          ]
        }
      },
     "reborn:torch_headband_event_hold": {
        "add": {
          "component_groups": [
            "reborn:torch_headband_event_hold"
          ]
        }
      },
      "reborn:torch_headband_event_play": {
        "add": {
          "component_groups": [
            "reborn:torch_headband_event_play"
          ]
        }
    }
  }
}