{
  "format_version": "1.12.0",
  "minecraft:entity": {
    "description": {
      "identifier": "reborn:primed_dynamite",
      "is_spawnable": false,
      "is_summonable": true,
      "is_experimental": false
    },
    "component_groups": {
      "exploding": {
        "minecraft:explode": {
          "fuseLength": 35,
          "power": 4,
          "fuseLit": true,
          "causesFire": false
        }
      }
    },
    "components": {
      "minecraft:collision_box": {
        "width": 0.25,
        "height": 0.25
      },
      "minecraft:projectile": {
        "on_hit": {
		  "impact_damage": {
	        "damage": 8,
		    "knockback": true,
		    "semi_random_diff_damage": false,
	        "destroy_on_hit": false
		  },
		  "stick_in_ground": {
		    "shake_time" : 0
		  }
		},
		"liquid_inertia": 0.99,
		"power": 4,
		"gravity": 0.10,
		"uncertainty_base": 1,
		"uncertainty_multiplier": 0,
		"stop_on_hurt": true,
		"anchor": 1,
		"should_bounce": true,
		"multiple_targets": false,
		"offset": [ 0, -0.1, 0 ]
      },
      "power": 1.5,
      "gravity": 0.03,
      "angle_offset": 0.0
      },
	    "minecraft:physics": {
      },
      "minecraft:pushable": {
        "is_pushable": true,
        "is_pushable_by_piston": true
      }
    }
  }
}
