{
  "format_version": "1.10.0",
  "minecraft:entity": {
    "description": {
      "identifier": "reborn:corrupted_pearl",
      "is_spawnable": false,
      "is_summonable": true,
      "is_experimental": false,
      "runtime_identifier": "minecraft:snowball"
    },
    "component_groups": {
      "exploding": {
        "minecraft:explode": {
          "fuseLength": 2,
          "power": 4,
          "fuseLit": true,
          "causesFire": false
        }
      }
    },
    "components": {
      "minecraft:collision_box": {
        "width": 0.25,
        "height": 0.25
      },
      "minecraft:projectile": {
       "on_hit": {
          "impact_damage": {
            "damage": 0,
            "knockback": true,
            "destroy_on_hit": true
          },
          "spawn_chance": {
            "first_spawn_chance": 1,
            "second_spawn_chance": 1,
            "first_spawn_count": 1,
            "second_spawn_count": 1,
            "spawn_definition": "reborn:elder_shadow",
            "spawn_baby": false
          },
          "remove_on_hit": {},
          "particle_on_hit": {
            "particle_type": "iconcrack",
            "num_particles": 6,
            "on_entity_hit": true,
            "on_other_hit": true
          }
        },
        "power": 1.5,
        "gravity": 0.03,
        "angle_offset": 0.0
      },
      "minecraft:physics": {}
    }
  }
}