{
  "format_version": "1.10.0",
  "minecraft:entity": {
    "description": {
      "identifier": "reborn:detector_pumice",
      "is_spawnable": true,
      "is_summonable": true,
      "is_experimental": false
    },
    "components": {
      "minecraft:type_family": {
        "family": []
      },
      "minecraft:breathable": {
        "totalSupply": 15,
        "suffocateTime": 0,
        "breathes_air": true,
        "breathes_water": true,
        "breathes_lava": true,
        "breathes_solids": true,
        "generates_bubbles": false
      },
      "minecraft:collision_box": {
        "height": 0.0,
        "width": 0.0
      },
      "minecraft:health": {
        "value": 1,
        "max": 1
      },
      "minecraft:movement": {
        "value": 0.0
      },
      "minecraft:fall_damage": {
        "value": 0.0
      },
      "minecraft:physics": {
        "has_gravity": false
      },
      "minecraft:underwater_movement": {
        "value": 0.0
      },
      "minecraft:scale": {
        "value": 1
      },
      "minecraft:fire_immune": true,
      "minecraft:is_pushable": false,
      "minecraft:is_pushable_by_piston": true
    }
  }
}