{
  "format_version": "1.16.100",
  "minecraft:item": {
    "description": {
      "identifier": "reborn:space_helmet",
      "category": "Equipment"
    },
    "components": {
      "minecraft:icon": {
        "texture": "reborn_space_helmet"
      },
      "minecraft:creative_category": {
        "parent": "itemGroup.name.helmet"
      },
      "minecraft:max_stack_size": 1,
      "minecraft:enchantable": {
        "value": 10,
        "slot": "armor_head"
      },
      "minecraft:durability": {
        "max_durability": 32,
        "damage_chance": {
          "min": 60,
          "max": 100
        }
      },
      "minecraft:knockback_resistance": {
        "protection": 0.75
      },
      "minecraft:mining_speed": 5,
      "minecraft:wearable": {
        "slot": "slot.armor.head"
      },
      "minecraft:render_offsets": "helmets",
      "minecraft:repairable": {
        "repair_items": [
          {
            "items": [
              "minecraft:glass",
              "reborn:space_helmet"
            ],
            "repair_amount": 10
          },
          {
            "items": [
              "minecraft:glass_pane",
              "reborn:space_helmet"
            ],
            "repair_amount": 5
          }
        ]
      },
      "minecraft:armor": {
        "protection": 1
      },
      "minecraft:display_name": {}
    }
  }
}