{
  "format_version": "1.10",
  "minecraft:item": {
    "description": {
      "identifier": "reborn:picked_rose",
      "category": "items"
    },
    "components": {
      "minecraft:hand_equipped": false,
      "minecraft:max_stack_size": 64,
      "minecraft:foil": false,
      "minecraft:stack_by_data": true,
      "minecraft:food": {
        "saturation_modifier": "poor",
        "nutrition": 0,
        "can_always_eat": true,
        "effects": [
          {
            "name": "hunger",
            "chance": 1,
            "duration": 180,
            "amplifier": 5
          },
          {
            "name": "nausea",
            "chance": 1,
            "duration": 180,
            "amplifier": 0
          },
          {
            "name": "poison",
            "chance": 1,
            "duration": 145,
            "amplifier": 2
          },
          {
            "name": "weakness",
            "chance": 1,
            "duration": 140,
            "amplifier": 3
          }
        ]
      },
      "minecraft:use_duration": 32
    }
  }
}