{
  "format_version": "1.10",
  "minecraft:item": {
    "description": {
      "identifier": "reborn:eldershadow_bullet",
      "category": "equipment"
    },
    "components": {
      "minecraft:stacked_by_data": true,
      "minecraft:hand_equipped": true,
      "minecraft:max_stack_size": 1,
      "minecraft:use_duration": 999999,
      "minecraft:use_animation": "bow",
      "minecraft:food": {
        "can_always_eat": false,
        "cooldown_type": "chorusfruit",
        "cooldown_time": 0.01,
        "effects": []
      }
    }
  }
}