{
  "format_version": "1.10",
  "minecraft:item": {
    "description": {
      "identifier": "reborn:burnt_salmon",
      "category": "items"
    },
    "components": {
      "minecraft:hand_equipped": false,
      "minecraft:max_stack_size": 64,
      "minecraft:foil": false,
      "minecraft:stack_by_data": true,
      "minecraft:food": {
        "saturation_modifier": "poor",
        "nutrition": 1,
        "can_always_eat": false,
        "effects": []
      },
      "minecraft:use_duration": 64
    }
  }
}