{
  "format_version": "1.16.100",
  "minecraft:block": {
    "description": {
      "identifier": "reborn:rose",
      "pa:growth_stage": [
        0,
        1,
        2
      ],
      "properties": {
        "pa:growth_stage": [
          0
        ]
      }
    },
    "components": {
      "minecraft:loot": "loot_tables/blocks/reborn_rose.json",
      "minecraft:destroy_time": 0.0,
      "minecraft:friction": 0.1,
      "minecraft:map_color": "#FFFFFF",
      "minecraft:explosion_resistance": 0.0,
      "minecraft:block_light_absorption": 0.0,
      "minecraft:block_light_emission": 0.0,
      "minecraft:pick_collision": {
        "origin": [
          -6,
          0,
          -6
        ],
        "size": [
          12,
          12,
          12
        ]
      },
      "minecraft:geometry": "geometry.pa_sapling",
      "minecraft:material_instances": {
        "*": {
          "texture": "reborn_rose",
          "render_method": "blend"
        }
      },
      "minecraft:breakonpush": true,
      "minecraft:entity_collision": false,
      "minecraft:on_interact": {
        "event": "grow_ticking",
        "target": "self",
        "condition": "query.get_equipped_item_name == 'wooden_shovel' || query.get_equipped_item_name == 'stone_shovel' || query.get_equipped_item_name == 'iron_shovel' || query.get_equipped_item_name == 'diamond_shovel' || query.get_equipped_item_name == 'golden_shovel' || query.get_equipped_item_name == 'netherite_shovel'"
      },
      "minecraft:random_ticking": {
        "on_tick": {
          "event": "grow_ticking",
          "target": "self"
        }
      },
      "minecraft:placement_filter": {
        "conditions": [
          {
            "block_filter": [
              "dirt",
              "grass",
              "farmland"
            ],
            "allowed_faces": [
              "up"
            ]
          }
        ]
      },
      "minecraft:on_placed": {
        "event": "size:block",
        "target": "self"
      },
      "minecraft:on_player_destroyed": {
        "event": "remove:block",
        "target": "self"
      }
    },
    "permutations": [
      {
        "condition": "query.block_property('pa:growth_stage') == 0",
        "components": {
          "minecraft:pick_collision": {
            "origin": [
              -8,
              0,
              -8
            ],
            "size": [
              16,
              16,
              16
            ]
          },
          "minecraft:material_instances": {
            "*": {
              "texture": "reborn_rose_stage_0",
              "render_method": "alpha_test"
            }
          }
        }
      }
    ],
    "events": {
      "grow_ticking": {
        "randomize": [
          {
            "weight": 10
          },
          {
            "set_block_property": {
              "pa:growth_stage": "(query.block_property('pa:growth_stage')<0) ? query.block_property('pa:growth_stage') + 1 : 0"
            },
            "weight": 90
          }
        ]
      },
      "size:block": {
        "run_command": {
          "command": []
        }
      },
      "remove:block": {
        "run_command": {
          "command": []
        }
      }
    }
  }
}