{
  "format_version": "1.16.100",
  "minecraft:block": {
    "description": {
      "identifier": "reborn:gypsum_bricks_snowy_slab_lower",
      "category": "Nature"
    },
    "components": {
      "minecraft:loot": "loot_tables/blocks/gypsum/reborn_gypsum_bricks_snowy_slab_lower.json",
      "minecraft:destroy_time": 0.3,
      "minecraft:friction": 0.6,
      "minecraft:map_color": "#2c3133",
      "minecraft:explosion_resistance": 70.5,
      "minecraft:block_light_absorption": 12.0,
      "minecraft:block_light_emission": 0.0,
      "minecraft:geometry": "geometry.slab_mono_lower",
      "minecraft:material_instances": {
        "*": {
          "texture": "reborn_gypsum_bricks_snowy",
          "render_method": "blend"
        }
      },
      "minecraft:pick_collision": {
        "origin": [
          -8.0,
          0,
          -8.0
        ],
        "size": [
          16,
          8,
          16
        ]
      },
      "minecraft:entity_collision": {
        "origin": [
          -8.0,
          0,
          -8.0
        ],
        "size": [
          16,
          8,
          16
        ]
      },
      "minecraft:on_placed": {
        "event": "size:block",
        "target": "self"
      },
      "minecraft:on_player_destroyed": {
        "event": "remove:block",
        "target": "self"
      }
    },
    "events": {
      "size:block": {
        "run_command": {
          "command": []
        }
      },
      "remove:block": {
        "run_command": {
          "command": []
        }
      }
    }
  }
}