{
  "format_version": "1.16.100",
  "minecraft:block": {
    "description": {
      "identifier": "reborn:sawmill",
      "category": "Nature"
    },
    "components": {
      "minecraft:loot": "loot_tables/blocks/reborn_sawmill.json",
      "minecraft:destroy_time": 0.3,
      "minecraft:friction": 0.6,
      "minecraft:map_color": "#FFFFFF",
      "minecraft:explosion_resistance": 1.0,
      "minecraft:block_light_absorption": 0.0,
      "minecraft:block_light_emission": 0.0,
      "minecraft:material_instances": {
        "*": {
          "texture": "ani_reborn_sawmill",
          "render_method": "blend"
        }
      },
      "minecraft:on_step_on": {
        "event": "step:on",
        "target": "self"
      },
      "minecraft:on_step_off": {
        "event": "step:off",
        "target": "self"
      },
      "minecraft:on_placed": {
        "event": "size:block",
        "target": "self"
      },
      "minecraft:random_ticking": {
        "on_tick": {
          "event": "random:tick",
          "target": "self"
        }
      },
      "minecraft:ticking": {
        "looping": true,
        "range": [
          10,
          10
        ],
        "on_tick": {
          "event": "on_tick",
          "target": "self"
        }
      },
      "minecraft:geometry": "geometry.sawmill",
      "minecraft:crafting_table": {
        "grid_size": 3,
        "crafting_tags": [
          "stonecutter",
          "sawmill"
        ]
      }
    },
      "minecraft:pick_collision": {
        "origin": [
          -8.0,
          0,
          -8.0
        ],
        "size": [
          16.0,
          9.0,
          16.0
        ]
      },
      "minecraft:entity_collision": {
        "origin": [
          -8.0,
          0,
          -8.0
        ],
        "size": [
          16.0,
          9.0,
          16.0
        ]
      }
    },
    "events": {
      "step:on": {
        "run_command": {
          "command": []
        }
      },
      "step:off": {
        "run_command": {
          "command": []
        }
      },
      "on_tick": {
        "run_command": {
          "command": []
        }
      },
      "size:block": {
        "run_command": {
          "command": []
        }
      },
      "random:tick": {
        "run_command": {
          "command": []
        }
      },
      "remove:block": {
        "run_command": {
          "command": []
        }
      }
    },
    "permutations": [
      {
        "condition": "query.block_property('block:rotation') == 2",
        "components": {
          "minecraft:rotation": [
            0,
            0,
            0
          ]
        }
      },
      {
        "condition": "query.block_property('block:rotation') == 3",
        "components": {
          "minecraft:rotation": [
            0,
            -180,
            0
          ]
        }
      },
      {
        "condition": "query.block_property('block:rotation') == 4",
        "components": {
          "minecraft:rotation": [
            0,
            90,
            0
          ]
        }
      },
      {
        "condition": "query.block_property('block:rotation') == 5",
        "components": {
          "minecraft:rotation": [
            0,
            -90,
            0
          ]
        }
      }
    ]
  }
}