{
  "format_version": "1.16.100",
  "minecraft:block": {
    "description": {
      "identifier": "reborn:rough_red_sandstone_slab",
      "properties": {
        "slab:interact": [
          0,
          1
        ]
      }
    },
    "components": {
      "minecraft:loot": "loot_tables/blocks/reborn_rough_red_sandstone_slab.json",
      "minecraft:destroy_time": 0.3,
      "minecraft:friction": 0.6,
      "minecraft:map_color": "#ff5921",
      "minecraft:explosion_resistance": 31.0,
      "minecraft:block_light_absorption": 0.0,
      "minecraft:block_light_emission": 0.0,
      "minecraft:material_instances": {
        "*": {
          "texture": "reborn_rough_red_sandstone_slab",
          "render_method": "blend"
        }
      },
      "tag:wood": {},
      "minecraft:geometry": "geometry.block",
      "minecraft:on_placed": {
        "event": "size:block",
        "target": "self"
      },
      "minecraft:on_player_destroyed": {
        "event": "remove:block",
        "target": "self"
      }
    },
    "permutations": [
      {
        "condition": "query.block_property('slab:interact') == 0",
        "components": {
          "minecraft:geometry": "geometry.pa_slab",
          "minecraft:on_interact": {
            "event": "block",
            "target": "self",
            "condition": "query.get_equipped_item_name('main_hand') == 'rough_red_sandstone_slab'"
          },
          "minecraft:entity_collision": {
            "origin": [
              -8,
              0,
              -8
            ],
            "size": [
              16,
              8,
              16
            ]
          },
          "minecraft:pick_collision": {
            "origin": [
              -8,
              0,
              -8
            ],
            "size": [
              16,
              8,
              16
            ]
          }
        }
      },
      {
        "condition": "query.block_property('slab:interact') == 1",
        "components": {
          "minecraft:loot": "loot_tables/slab_double.json",
          "minecraft:unit_cube": {}
        }
      }
    ],
    "events": {
      "block": {
        "set_block_property": {
          "slab:interact": 1
        },
        "decrement_stack": {}
      },
      "size:block": {
        "run_command": {
          "command": []
        }
      },
      "remove:block": {
        "run_command": {
          "command": []
        }
      }
    }
  }
}