{
  "format_version": "1.16.100",
  "minecraft:block": {
    "description": {
      "identifier": "reborn:dreadwood_branches",
      "category": "Nature"
    },
    "components": {
      "minecraft:loot": "loot_tables/blocks/reborn_dreadwood_branches.json",
      "minecraft:destroy_time": 0.25,
      "minecraft:friction": 0.6,
      "minecraft:map_color": "#2F1207",
      "minecraft:explosion_resistance": 1.0,
      "minecraft:block_light_absorption": 0.0,
      "minecraft:block_light_emission": 0.0,
      "minecraft:geometry": "geometry.block",
      "minecraft:material_instances": {
        "*": {
          "texture": "reborn_dreadwood_branches",
          "render_method": "alpha_test"
        }
      },
      "minecraft:on_placed": {
        "event": "size:block",
        "target": "self"
      },
      "minecraft:on_player_destroyed": {
        "event": "remove:block",
        "target": "self"
      }
    },
    "events": {
      "size:block": {
        "run_command": {
          "command": []
        }
      },
      "remove:block": {
        "run_command": {
          "command": []
        }
      }
    }
  }
}