{
  "format_version": "1.16.100",
  "minecraft:block": {
    "description": {
      "identifier": "reborn:cyan_shelf",
      "category": "Nature",
      "properties": {
        "block:rotation": [
          0,
          1,
          2,
          3,
          4,
          5,
          6
        ]
      }
    },
    "components": {
      "minecraft:loot": "loot_tables/blocks/shelf/reborn_cyan_shelf.json",
      "minecraft:destroy_time": 0.3,
      "minecraft:friction": 0.6,
      "minecraft:map_color": "#209199",
      "minecraft:explosion_resistance": 7.5,
      "minecraft:block_light_absorption": 0.0,
      "minecraft:block_light_emission": 0.0,
      "minecraft:on_player_placing": {
        "event": "update_rotation"
      },
      "minecraft:on_placed": {
        "event": "size:block",
        "target": "self"
      },
      "minecraft:material_instances": {
        "*": {
          "texture": "reborn_cyan_shelf",
          "render_method": "blend"
        }
      },
      "minecraft:geometry": "geometry.reborn_shelf",
      "minecraft:on_player_destroyed": {
        "event": "remove:block",
        "target": "self"
      },
      "minecraft:pick_collision": {
        "origin": [
          -8.0,
          0,
          -4.000001
        ],
        "size": [
          16.0,
          16.0,
          8.000002
        ]
      },
      "minecraft:entity_collision": {
        "origin": [
          -8.0,
          0,
          -4.000001
        ],
        "size": [
          16.0,
          16.0,
          8.000002
        ]
      }
    },
    "permutations": [
      {
        "condition": "query.block_property('block:rotation') == 2",
        "components": {
          "minecraft:rotation": [
            0,
            0,
            0
          ]
        }
      },
      {
        "condition": "query.block_property('block:rotation') == 3",
        "components": {
          "minecraft:rotation": [
            0,
            -180,
            0
          ]
        }
      },
      {
        "condition": "query.block_property('block:rotation') == 4",
        "components": {
          "minecraft:rotation": [
            0,
            90,
            0
          ]
        }
      },
      {
        "condition": "query.block_property('block:rotation') == 5",
        "components": {
          "minecraft:rotation": [
            0,
            -90,
            0
          ]
        }
      }
    ],
    "events": {
      "update_rotation": {
        "set_block_property": {
          "block:rotation": "query.cardinal_facing_2d"
        }
      },
      "size:block": {
        "run_command": {
          "command": []
        }
      },
      "remove:block": {
        "run_command": {
          "command": []
        }
      }
    }
  }
}