{
  "format_version": "1.16.100",
  "minecraft:block": {
    "description": {
      "identifier": "reborn:gypsum_tiles_mossy",
      "category": "Nature"
    },
    "components": {
      "minecraft:loot": "loot_tables/blocks/gypsum/reborn_gypsum_tiles_mossy.json",
      "minecraft:destroy_time": 0.3,
      "minecraft:friction": 0.6,
      "minecraft:map_color": "#2c3133",
      "minecraft:explosion_resistance": 70.5,
      "minecraft:block_light_absorption": 12.0,
      "minecraft:block_light_emission": 0.0,
      "minecraft:geometry": "geometry.block",
      "minecraft:material_instances": {
        "*": {
          "texture": "reborn_gypsum_tiles_mossy",
          "render_method": "blend"
        }
      },
      "minecraft:on_placed": {
        "event": "size:block",
        "target": "self"
      },
      "minecraft:on_player_destroyed": {
        "event": "remove:block",
        "target": "self"
      }
    },
    "events": {
      "size:block": {
        "run_command": {
          "command": []
        }
      },
      "remove:block": {
        "run_command": {
          "command": []
        }
      }
    }
  }
}